<?xml version="1.0" encoding="UTF-8"?>
<export version="E">
  <design>
    <source>D:\Dokumenty\Ground_Station\GS_PSU\GS_PSU.kicad_sch</source>
    <date>07.10.2023 14:25:54</date>
    <tool>Eeschema 7.0.6</tool>
    <sheet number="1" name="/" tstamps="/">
      <title_block>
        <title/>
        <company/>
        <rev/>
        <date/>
        <source>GS_PSU.kicad_sch</source>
        <comment number="1" value=""/>
        <comment number="2" value=""/>
        <comment number="3" value=""/>
        <comment number="4" value=""/>
        <comment number="5" value=""/>
        <comment number="6" value=""/>
        <comment number="7" value=""/>
        <comment number="8" value=""/>
        <comment number="9" value=""/>
      </title_block>
    </sheet>
  </design>
  <components>
    <comp ref="C1">
      <value>4.7uF</value>
      <libsource lib="Device" part="C_Small" description="Unpolarized capacitor, small symbol"/>
      <property name="Sheetname" value=""/>
      <property name="Sheetfile" value="GS_PSU.kicad_sch"/>
      <property name="ki_description" value="Unpolarized capacitor, small symbol"/>
      <property name="ki_keywords" value="capacitor cap"/>
      <sheetpath names="/" tstamps="/"/>
      <tstamps>89130c7c-dd7a-4605-b659-5153b057d270</tstamps>
    </comp>
    <comp ref="C2">
      <value>10uF</value>
      <libsource lib="Device" part="C_Small" description="Unpolarized capacitor, small symbol"/>
      <property name="Sheetname" value=""/>
      <property name="Sheetfile" value="GS_PSU.kicad_sch"/>
      <property name="ki_description" value="Unpolarized capacitor, small symbol"/>
      <property name="ki_keywords" value="capacitor cap"/>
      <sheetpath names="/" tstamps="/"/>
      <tstamps>9ac74435-f48a-4967-9b04-432a5ca4fb6b</tstamps>
    </comp>
    <comp ref="C3">
      <value>1uF</value>
      <libsource lib="Device" part="C_Small" description="Unpolarized capacitor, small symbol"/>
      <property name="Sheetname" value=""/>
      <property name="Sheetfile" value="GS_PSU.kicad_sch"/>
      <property name="ki_description" value="Unpolarized capacitor, small symbol"/>
      <property name="ki_keywords" value="capacitor cap"/>
      <sheetpath names="/" tstamps="/"/>
      <tstamps>b8e472f4-bbf3-45c0-90d2-f8aa3c538ae3</tstamps>
    </comp>
    <comp ref="C4">
      <value>4.7uF</value>
      <libsource lib="Device" part="C_Small" description="Unpolarized capacitor, small symbol"/>
      <property name="Sheetname" value=""/>
      <property name="Sheetfile" value="GS_PSU.kicad_sch"/>
      <property name="ki_description" value="Unpolarized capacitor, small symbol"/>
      <property name="ki_keywords" value="capacitor cap"/>
      <sheetpath names="/" tstamps="/"/>
      <tstamps>3ddaf03a-b875-480d-8c74-49c67a86ca20</tstamps>
    </comp>
    <comp ref="C5">
      <value>10uF</value>
      <libsource lib="Device" part="C_Small" description="Unpolarized capacitor, small symbol"/>
      <property name="Sheetname" value=""/>
      <property name="Sheetfile" value="GS_PSU.kicad_sch"/>
      <property name="ki_description" value="Unpolarized capacitor, small symbol"/>
      <property name="ki_keywords" value="capacitor cap"/>
      <sheetpath names="/" tstamps="/"/>
      <tstamps>3e0a0285-1ac8-4a9f-b55e-0ddd1108effa</tstamps>
    </comp>
    <comp ref="C6">
      <value>1uF</value>
      <libsource lib="Device" part="C_Small" description="Unpolarized capacitor, small symbol"/>
      <property name="Sheetname" value=""/>
      <property name="Sheetfile" value="GS_PSU.kicad_sch"/>
      <property name="ki_description" value="Unpolarized capacitor, small symbol"/>
      <property name="ki_keywords" value="capacitor cap"/>
      <sheetpath names="/" tstamps="/"/>
      <tstamps>b868234e-6fed-4276-b788-76bb4a8a5410</tstamps>
    </comp>
    <comp ref="C7">
      <value>4.7uF</value>
      <libsource lib="Device" part="C_Small" description="Unpolarized capacitor, small symbol"/>
      <property name="Sheetname" value=""/>
      <property name="Sheetfile" value="GS_PSU.kicad_sch"/>
      <property name="ki_description" value="Unpolarized capacitor, small symbol"/>
      <property name="ki_keywords" value="capacitor cap"/>
      <sheetpath names="/" tstamps="/"/>
      <tstamps>b2acfbdd-6873-4c08-95af-2504c4119a16</tstamps>
    </comp>
    <comp ref="C8">
      <value>1uF</value>
      <libsource lib="Device" part="C_Small" description="Unpolarized capacitor, small symbol"/>
      <property name="Sheetname" value=""/>
      <property name="Sheetfile" value="GS_PSU.kicad_sch"/>
      <property name="ki_description" value="Unpolarized capacitor, small symbol"/>
      <property name="ki_keywords" value="capacitor cap"/>
      <sheetpath names="/" tstamps="/"/>
      <tstamps>af876ce7-9dce-4eca-bd86-589f2da3f7cb</tstamps>
    </comp>
    <comp ref="C9">
      <value>10uF</value>
      <libsource lib="Device" part="C_Small" description="Unpolarized capacitor, small symbol"/>
      <property name="Sheetname" value=""/>
      <property name="Sheetfile" value="GS_PSU.kicad_sch"/>
      <property name="ki_description" value="Unpolarized capacitor, small symbol"/>
      <property name="ki_keywords" value="capacitor cap"/>
      <sheetpath names="/" tstamps="/"/>
      <tstamps>bebadf07-29c5-4fdc-a5cc-217f7503c943</tstamps>
    </comp>
    <comp ref="C10">
      <value>100nF</value>
      <libsource lib="Device" part="C_Small" description="Unpolarized capacitor, small symbol"/>
      <property name="Sheetname" value=""/>
      <property name="Sheetfile" value="GS_PSU.kicad_sch"/>
      <property name="ki_description" value="Unpolarized capacitor, small symbol"/>
      <property name="ki_keywords" value="capacitor cap"/>
      <sheetpath names="/" tstamps="/"/>
      <tstamps>c11715fe-4a09-48eb-85cc-422f0908be1b</tstamps>
    </comp>
    <comp ref="C11">
      <value>100nF</value>
      <libsource lib="Device" part="C_Small" description="Unpolarized capacitor, small symbol"/>
      <property name="Sheetname" value=""/>
      <property name="Sheetfile" value="GS_PSU.kicad_sch"/>
      <property name="ki_description" value="Unpolarized capacitor, small symbol"/>
      <property name="ki_keywords" value="capacitor cap"/>
      <sheetpath names="/" tstamps="/"/>
      <tstamps>f54c8530-d122-47ba-824c-3a33465c37bd</tstamps>
    </comp>
    <comp ref="C12">
      <value>100nF</value>
      <libsource lib="Device" part="C_Small" description="Unpolarized capacitor, small symbol"/>
      <property name="Sheetname" value=""/>
      <property name="Sheetfile" value="GS_PSU.kicad_sch"/>
      <property name="ki_description" value="Unpolarized capacitor, small symbol"/>
      <property name="ki_keywords" value="capacitor cap"/>
      <sheetpath names="/" tstamps="/"/>
      <tstamps>7a4069be-da5c-4f01-8de6-5c38220b9f11</tstamps>
    </comp>
    <comp ref="C13">
      <value>100nF</value>
      <libsource lib="Device" part="C_Small" description="Unpolarized capacitor, small symbol"/>
      <property name="Sheetname" value=""/>
      <property name="Sheetfile" value="GS_PSU.kicad_sch"/>
      <property name="ki_description" value="Unpolarized capacitor, small symbol"/>
      <property name="ki_keywords" value="capacitor cap"/>
      <sheetpath names="/" tstamps="/"/>
      <tstamps>52b29c14-a263-4b04-93e3-cddbff593691</tstamps>
    </comp>
    <comp ref="C14">
      <value>100nF</value>
      <libsource lib="Device" part="C_Small" description="Unpolarized capacitor, small symbol"/>
      <property name="Sheetname" value=""/>
      <property name="Sheetfile" value="GS_PSU.kicad_sch"/>
      <property name="ki_description" value="Unpolarized capacitor, small symbol"/>
      <property name="ki_keywords" value="capacitor cap"/>
      <sheetpath names="/" tstamps="/"/>
      <tstamps>53b7e1c0-756f-44d2-b326-63756ed0fb66</tstamps>
    </comp>
    <comp ref="C15">
      <value>100nF</value>
      <libsource lib="Device" part="C_Small" description="Unpolarized capacitor, small symbol"/>
      <property name="Sheetname" value=""/>
      <property name="Sheetfile" value="GS_PSU.kicad_sch"/>
      <property name="ki_description" value="Unpolarized capacitor, small symbol"/>
      <property name="ki_keywords" value="capacitor cap"/>
      <sheetpath names="/" tstamps="/"/>
      <tstamps>68d39c62-3470-484d-a13c-454f2156680e</tstamps>
    </comp>
    <comp ref="C16">
      <value>47uF</value>
      <libsource lib="Device" part="C_Small" description="Unpolarized capacitor, small symbol"/>
      <property name="Sheetname" value=""/>
      <property name="Sheetfile" value="GS_PSU.kicad_sch"/>
      <property name="ki_description" value="Unpolarized capacitor, small symbol"/>
      <property name="ki_keywords" value="capacitor cap"/>
      <sheetpath names="/" tstamps="/"/>
      <tstamps>0a84f24c-3ab9-4647-a949-0f6488ce5045</tstamps>
    </comp>
    <comp ref="C17">
      <value>100uF</value>
      <libsource lib="Device" part="C_Small" description="Unpolarized capacitor, small symbol"/>
      <property name="Sheetname" value=""/>
      <property name="Sheetfile" value="GS_PSU.kicad_sch"/>
      <property name="ki_description" value="Unpolarized capacitor, small symbol"/>
      <property name="ki_keywords" value="capacitor cap"/>
      <sheetpath names="/" tstamps="/"/>
      <tstamps>38404643-3d8a-4125-9711-f1b3f93ff3dd</tstamps>
    </comp>
    <comp ref="C18">
      <value>47uF</value>
      <libsource lib="Device" part="C_Small" description="Unpolarized capacitor, small symbol"/>
      <property name="Sheetname" value=""/>
      <property name="Sheetfile" value="GS_PSU.kicad_sch"/>
      <property name="ki_description" value="Unpolarized capacitor, small symbol"/>
      <property name="ki_keywords" value="capacitor cap"/>
      <sheetpath names="/" tstamps="/"/>
      <tstamps>add41e1c-e5bd-43be-91a2-c5cda1269ec9</tstamps>
    </comp>
    <comp ref="C19">
      <value>100uF</value>
      <libsource lib="Device" part="C_Small" description="Unpolarized capacitor, small symbol"/>
      <property name="Sheetname" value=""/>
      <property name="Sheetfile" value="GS_PSU.kicad_sch"/>
      <property name="ki_description" value="Unpolarized capacitor, small symbol"/>
      <property name="ki_keywords" value="capacitor cap"/>
      <sheetpath names="/" tstamps="/"/>
      <tstamps>ab8e879e-e224-4e18-862e-c880a78a9e85</tstamps>
    </comp>
    <comp ref="C20">
      <value>47uF</value>
      <libsource lib="Device" part="C_Small" description="Unpolarized capacitor, small symbol"/>
      <property name="Sheetname" value=""/>
      <property name="Sheetfile" value="GS_PSU.kicad_sch"/>
      <property name="ki_description" value="Unpolarized capacitor, small symbol"/>
      <property name="ki_keywords" value="capacitor cap"/>
      <sheetpath names="/" tstamps="/"/>
      <tstamps>89caf31f-b908-4418-a26b-b6ceb24a7813</tstamps>
    </comp>
    <comp ref="C21">
      <value>47uF</value>
      <libsource lib="Device" part="C_Small" description="Unpolarized capacitor, small symbol"/>
      <property name="Sheetname" value=""/>
      <property name="Sheetfile" value="GS_PSU.kicad_sch"/>
      <property name="ki_description" value="Unpolarized capacitor, small symbol"/>
      <property name="ki_keywords" value="capacitor cap"/>
      <sheetpath names="/" tstamps="/"/>
      <tstamps>bf9a3232-c514-40f1-8bf7-d0a04f5648a5</tstamps>
    </comp>
    <comp ref="D1">
      <value>D_Small</value>
      <fields>
        <field name="Sim.Device">D</field>
        <field name="Sim.Pins">1=K 2=A</field>
      </fields>
      <libsource lib="Device" part="D_Small" description="Diode, small symbol"/>
      <property name="Sim.Device" value="D"/>
      <property name="Sim.Pins" value="1=K 2=A"/>
      <property name="Sheetname" value=""/>
      <property name="Sheetfile" value="GS_PSU.kicad_sch"/>
      <property name="ki_description" value="Diode, small symbol"/>
      <property name="ki_keywords" value="diode"/>
      <sheetpath names="/" tstamps="/"/>
      <tstamps>d3b25f57-8759-432c-b1ef-6979034c982f</tstamps>
    </comp>
    <comp ref="J2">
      <value>XT60PW-M</value>
      <footprint>XT60PWM</footprint>
      <datasheet>https://www.tme.eu/Document/9b8d0c5eb7094295f3d3112c214d3ade/XT60PW%20SPEC.pdf</datasheet>
      <fields>
        <field name="Height">8.4</field>
        <field name="Manufacturer_Name">Changzou Amass Elec</field>
        <field name="Manufacturer_Part_Number">XT60PW-M</field>
      </fields>
      <libsource lib="XT60PW-M" part="XT60PW-M" description="Socket; DC supply; XT60; male; PIN: 2; on PCBs; THT; Colour: yellow"/>
      <property name="Height" value="8.4"/>
      <property name="TME Electronic Components Part Number" value=""/>
      <property name="TME Electronic Components Price/Stock" value=""/>
      <property name="Manufacturer_Name" value="Changzou Amass Elec"/>
      <property name="Manufacturer_Part_Number" value="XT60PW-M"/>
      <property name="Sheetname" value=""/>
      <property name="Sheetfile" value="GS_PSU.kicad_sch"/>
      <property name="ki_description" value="Socket; DC supply; XT60; male; PIN: 2; on PCBs; THT; Colour: yellow"/>
      <sheetpath names="/" tstamps="/"/>
      <tstamps>f26f9d8b-a78d-45ff-9c34-e1d33c6293be</tstamps>
    </comp>
    <comp ref="L1">
      <value>4.7uH</value>
      <libsource lib="Device" part="L_Small" description="Inductor, small symbol"/>
      <property name="Sheetname" value=""/>
      <property name="Sheetfile" value="GS_PSU.kicad_sch"/>
      <property name="ki_description" value="Inductor, small symbol"/>
      <property name="ki_keywords" value="inductor choke coil reactor magnetic"/>
      <sheetpath names="/" tstamps="/"/>
      <tstamps>19433bc5-13f2-4df8-8130-1b1c49fd4a9e</tstamps>
    </comp>
    <comp ref="L2">
      <value>6.8uH</value>
      <libsource lib="Device" part="L_Small" description="Inductor, small symbol"/>
      <property name="Sheetname" value=""/>
      <property name="Sheetfile" value="GS_PSU.kicad_sch"/>
      <property name="ki_description" value="Inductor, small symbol"/>
      <property name="ki_keywords" value="inductor choke coil reactor magnetic"/>
      <sheetpath names="/" tstamps="/"/>
      <tstamps>a6ffe01e-8150-4438-8935-3659955332d5</tstamps>
    </comp>
    <comp ref="L3">
      <value>22uH</value>
      <libsource lib="Device" part="L_Small" description="Inductor, small symbol"/>
      <property name="Sheetname" value=""/>
      <property name="Sheetfile" value="GS_PSU.kicad_sch"/>
      <property name="ki_description" value="Inductor, small symbol"/>
      <property name="ki_keywords" value="inductor choke coil reactor magnetic"/>
      <sheetpath names="/" tstamps="/"/>
      <tstamps>e920040d-6883-41b9-99e6-64f07a0440e3</tstamps>
    </comp>
    <comp ref="R1">
      <value>32k</value>
      <libsource lib="Device" part="R_Small" description="Resistor, small symbol"/>
      <property name="Sheetname" value=""/>
      <property name="Sheetfile" value="GS_PSU.kicad_sch"/>
      <property name="ki_description" value="Resistor, small symbol"/>
      <property name="ki_keywords" value="R resistor"/>
      <sheetpath names="/" tstamps="/"/>
      <tstamps>bcbc9671-73b3-4df4-9729-9fbeebfd19ac</tstamps>
    </comp>
    <comp ref="R2">
      <value>32k</value>
      <libsource lib="Device" part="R_Small" description="Resistor, small symbol"/>
      <property name="Sheetname" value=""/>
      <property name="Sheetfile" value="GS_PSU.kicad_sch"/>
      <property name="ki_description" value="Resistor, small symbol"/>
      <property name="ki_keywords" value="R resistor"/>
      <sheetpath names="/" tstamps="/"/>
      <tstamps>2c8bfd90-cb8a-4569-96d0-cd60ac9c7c40</tstamps>
    </comp>
    <comp ref="R3">
      <value>422k</value>
      <libsource lib="Device" part="R_Small" description="Resistor, small symbol"/>
      <property name="Sheetname" value=""/>
      <property name="Sheetfile" value="GS_PSU.kicad_sch"/>
      <property name="ki_description" value="Resistor, small symbol"/>
      <property name="ki_keywords" value="R resistor"/>
      <sheetpath names="/" tstamps="/"/>
      <tstamps>335ce497-93fc-4ac1-bbbe-38651774083a</tstamps>
    </comp>
    <comp ref="R4">
      <value>22.1k</value>
      <libsource lib="Device" part="R_Small" description="Resistor, small symbol"/>
      <property name="Sheetname" value=""/>
      <property name="Sheetfile" value="GS_PSU.kicad_sch"/>
      <property name="ki_description" value="Resistor, small symbol"/>
      <property name="ki_keywords" value="R resistor"/>
      <sheetpath names="/" tstamps="/"/>
      <tstamps>61115ed5-a513-46e7-bea0-ce77cf38b9de</tstamps>
    </comp>
    <comp ref="R5">
      <value>100k</value>
      <libsource lib="Device" part="R_Small" description="Resistor, small symbol"/>
      <property name="Sheetname" value=""/>
      <property name="Sheetfile" value="GS_PSU.kicad_sch"/>
      <property name="ki_description" value="Resistor, small symbol"/>
      <property name="ki_keywords" value="R resistor"/>
      <sheetpath names="/" tstamps="/"/>
      <tstamps>52c0a505-cde2-4cea-87ec-93ea155d868a</tstamps>
    </comp>
    <comp ref="R6">
      <value>32k</value>
      <libsource lib="Device" part="R_Small" description="Resistor, small symbol"/>
      <property name="Sheetname" value=""/>
      <property name="Sheetfile" value="GS_PSU.kicad_sch"/>
      <property name="ki_description" value="Resistor, small symbol"/>
      <property name="ki_keywords" value="R resistor"/>
      <sheetpath names="/" tstamps="/"/>
      <tstamps>09c6f392-9a13-41e9-a5a5-99f73e8669a8</tstamps>
    </comp>
    <comp ref="R7">
      <value>100k</value>
      <libsource lib="Device" part="R_Small" description="Resistor, small symbol"/>
      <property name="Sheetname" value=""/>
      <property name="Sheetfile" value="GS_PSU.kicad_sch"/>
      <property name="ki_description" value="Resistor, small symbol"/>
      <property name="ki_keywords" value="R resistor"/>
      <sheetpath names="/" tstamps="/"/>
      <tstamps>8909873a-257a-421b-ae7e-b37a0c1401c0</tstamps>
    </comp>
    <comp ref="R8">
      <value>19.1k</value>
      <libsource lib="Device" part="R_Small" description="Resistor, small symbol"/>
      <property name="Sheetname" value=""/>
      <property name="Sheetfile" value="GS_PSU.kicad_sch"/>
      <property name="ki_description" value="Resistor, small symbol"/>
      <property name="ki_keywords" value="R resistor"/>
      <sheetpath names="/" tstamps="/"/>
      <tstamps>0aff83a6-01c5-4605-86d7-579e6c1028b7</tstamps>
    </comp>
    <comp ref="U1">
      <value>PLMR51420XDDCT</value>
      <footprint>LMR51420XDDCR:SOT-23-THIN-6_DDC_TEX</footprint>
      <datasheet>PLMR51420XDDCT</datasheet>
      <libsource lib="LMR51420XDDCR" part="PLMR51420XDDCT" description=""/>
      <property name="Sheetname" value=""/>
      <property name="Sheetfile" value="GS_PSU.kicad_sch"/>
      <property name="ki_keywords" value="PLMR51420XDDCT"/>
      <sheetpath names="/" tstamps="/"/>
      <tstamps>348835c2-ae3c-46bc-800e-14f3df248482</tstamps>
    </comp>
    <comp ref="U2">
      <value>LMR51450SNDRRR</value>
      <footprint>LMR51450FNDRRR:WSON_SDRRR_TEX</footprint>
      <datasheet>LMR51450FNDRRR</datasheet>
      <libsource lib="LMR51450FNDRRR" part="LMR51450FNDRRR" description=""/>
      <property name="Sheetname" value=""/>
      <property name="Sheetfile" value="GS_PSU.kicad_sch"/>
      <property name="ki_keywords" value="LMR51450FNDRRR"/>
      <sheetpath names="/" tstamps="/"/>
      <tstamps>46ba399f-b499-4858-814e-23475b23a398</tstamps>
    </comp>
    <comp ref="U3">
      <value>LMR51450SNDRRR</value>
      <footprint>LMR51450FNDRRR:WSON_SDRRR_TEX</footprint>
      <datasheet>LMR51450FNDRRR</datasheet>
      <libsource lib="LMR51450FNDRRR" part="LMR51450FNDRRR" description=""/>
      <property name="Sheetname" value=""/>
      <property name="Sheetfile" value="GS_PSU.kicad_sch"/>
      <property name="ki_keywords" value="LMR51450FNDRRR"/>
      <sheetpath names="/" tstamps="/"/>
      <tstamps>ec59c9f5-5186-4c33-ba25-cd53890cbc53</tstamps>
    </comp>
  </components>
  <libparts>
    <libpart lib="Device" part="C_Small">
      <description>Unpolarized capacitor, small symbol</description>
      <docs>~</docs>
      <footprints>
        <fp>C_*</fp>
      </footprints>
      <fields>
        <field name="Reference">C</field>
        <field name="Value">C_Small</field>
        <field name="Datasheet">~</field>
      </fields>
      <pins>
        <pin num="1" name="" type="passive"/>
        <pin num="2" name="" type="passive"/>
      </pins>
    </libpart>
    <libpart lib="Device" part="D_Small">
      <description>Diode, small symbol</description>
      <docs>~</docs>
      <footprints>
        <fp>TO-???*</fp>
        <fp>*_Diode_*</fp>
        <fp>*SingleDiode*</fp>
        <fp>D_*</fp>
      </footprints>
      <fields>
        <field name="Reference">D</field>
        <field name="Value">D_Small</field>
        <field name="Datasheet">~</field>
        <field name="Sim.Device">D</field>
        <field name="Sim.Pins">1=K 2=A</field>
      </fields>
      <pins>
        <pin num="1" name="K" type="passive"/>
        <pin num="2" name="A" type="passive"/>
      </pins>
    </libpart>
    <libpart lib="Device" part="L_Small">
      <description>Inductor, small symbol</description>
      <docs>~</docs>
      <footprints>
        <fp>Choke_*</fp>
        <fp>*Coil*</fp>
        <fp>Inductor_*</fp>
        <fp>L_*</fp>
      </footprints>
      <fields>
        <field name="Reference">L</field>
        <field name="Value">L_Small</field>
        <field name="Datasheet">~</field>
      </fields>
      <pins>
        <pin num="1" name="" type="passive"/>
        <pin num="2" name="" type="passive"/>
      </pins>
    </libpart>
    <libpart lib="Device" part="R_Small">
      <description>Resistor, small symbol</description>
      <docs>~</docs>
      <footprints>
        <fp>R_*</fp>
      </footprints>
      <fields>
        <field name="Reference">R</field>
        <field name="Value">R_Small</field>
        <field name="Datasheet">~</field>
      </fields>
      <pins>
        <pin num="1" name="" type="passive"/>
        <pin num="2" name="" type="passive"/>
      </pins>
    </libpart>
    <libpart lib="LMR51420XDDCR" part="PLMR51420XDDCT">
      <docs>PLMR51420XDDCT</docs>
      <footprints>
        <fp>SOT-23-THIN-6_DDC_TEX</fp>
        <fp>SOT-23-THIN-6_DDC_TEX-M</fp>
        <fp>SOT-23-THIN-6_DDC_TEX-L</fp>
      </footprints>
      <fields>
        <field name="Reference">U</field>
        <field name="Value">PLMR51420XDDCT</field>
        <field name="Footprint">SOT-23-THIN-6_DDC_TEX</field>
        <field name="Datasheet">PLMR51420XDDCT</field>
      </fields>
      <pins>
        <pin num="1" name="GND" type="power_out"/>
        <pin num="2" name="SW" type="power_in"/>
        <pin num="3" name="VIN" type="power_in"/>
        <pin num="4" name="FB" type="unspecified"/>
        <pin num="5" name="EN" type="unspecified"/>
        <pin num="6" name="CB" type="power_in"/>
      </pins>
    </libpart>
    <libpart lib="LMR51450FNDRRR" part="LMR51450FNDRRR">
      <docs>LMR51450FNDRRR</docs>
      <footprints>
        <fp>WSON_SDRRR_TEX</fp>
        <fp>WSON_SDRRR_TEX-M</fp>
        <fp>WSON_SDRRR_TEX-L</fp>
      </footprints>
      <fields>
        <field name="Reference">U</field>
        <field name="Value">LMR51450FNDRRR</field>
        <field name="Footprint">WSON_SDRRR_TEX</field>
        <field name="Datasheet">LMR51450FNDRRR</field>
      </fields>
      <pins>
        <pin num="1" name="SW" type="unspecified"/>
        <pin num="2" name="SW" type="unspecified"/>
        <pin num="3" name="SW" type="unspecified"/>
        <pin num="4" name="BOOT" type="unspecified"/>
        <pin num="5" name="PG" type="unspecified"/>
        <pin num="6" name="ER" type="unspecified"/>
        <pin num="7" name="FB" type="unspecified"/>
        <pin num="8" name="AGND" type="power_out"/>
        <pin num="9" name="EN" type="unspecified"/>
        <pin num="10" name="VIN" type="unspecified"/>
        <pin num="11" name="VIN" type="unspecified"/>
        <pin num="12" name="VIN" type="unspecified"/>
        <pin num="13" name="PGND/DAP" type="power_out"/>
      </pins>
    </libpart>
    <libpart lib="XT60PW-M" part="XT60PW-M">
      <description>Socket; DC supply; XT60; male; PIN: 2; on PCBs; THT; Colour: yellow</description>
      <docs>https://www.tme.eu/Document/9b8d0c5eb7094295f3d3112c214d3ade/XT60PW%20SPEC.pdf</docs>
      <fields>
        <field name="Reference">J</field>
        <field name="Value">XT60PW-M</field>
        <field name="Footprint">XT60PWM</field>
        <field name="Datasheet">https://www.tme.eu/Document/9b8d0c5eb7094295f3d3112c214d3ade/XT60PW%20SPEC.pdf</field>
        <field name="Height">8.4</field>
        <field name="Manufacturer_Name">Changzou Amass Elec</field>
        <field name="Manufacturer_Part_Number">XT60PW-M</field>
      </fields>
      <pins>
        <pin num="1" name="1" type="passive"/>
        <pin num="2" name="2" type="passive"/>
        <pin num="3" name="3" type="passive"/>
        <pin num="4" name="4" type="passive"/>
      </pins>
    </libpart>
  </libparts>
  <libraries>
    <library logical="Device">
      <uri>D:\KiCAD\share\kicad\symbols\/Device.kicad_sym</uri>
    </library>
    <library logical="LMR51420XDDCR">
      <uri>D:/Dokumenty/PCB Elements/ul_PLMR51420XDDCT/KiCADv6/2023-08-09_12-40-19.kicad_sym</uri>
    </library>
    <library logical="LMR51450FNDRRR">
      <uri>D:/Dokumenty/PCB Elements/ul_LMR51450FNDRRR/KiCADv6/2023-08-09_09-59-47.kicad_sym</uri>
    </library>
    <library logical="XT60PW-M">
      <uri>D:/Dokumenty/PCB Elements/LIB_XT60PW-M/XT60PW-M/KiCad/XT60PW-M.kicad_sym</uri>
    </library>
  </libraries>
  <nets>
    <net code="1" name="+3.3V">
      <node ref="C17" pin="1" pintype="passive"/>
      <node ref="C19" pin="1" pintype="passive"/>
      <node ref="L1" pin="2" pintype="passive"/>
      <node ref="R5" pin="1" pintype="passive"/>
    </net>
    <net code="2" name="+5V">
      <node ref="C18" pin="1" pintype="passive"/>
      <node ref="C20" pin="1" pintype="passive"/>
      <node ref="C21" pin="1" pintype="passive"/>
      <node ref="L2" pin="2" pintype="passive"/>
      <node ref="R7" pin="1" pintype="passive"/>
    </net>
    <net code="3" name="+12V">
      <node ref="C16" pin="2" pintype="passive"/>
      <node ref="L3" pin="2" pintype="passive"/>
      <node ref="R3" pin="1" pintype="passive"/>
    </net>
    <net code="4" name="3V3_FB">
      <node ref="R5" pin="2" pintype="passive"/>
      <node ref="R6" pin="1" pintype="passive"/>
      <node ref="R7" pin="2" pintype="passive"/>
      <node ref="R8" pin="1" pintype="passive"/>
      <node ref="U2" pin="7" pinfunction="FB" pintype="unspecified"/>
      <node ref="U3" pin="7" pinfunction="FB" pintype="unspecified"/>
    </net>
    <net code="5" name="12V_SW">
      <node ref="C13" pin="2" pintype="passive"/>
      <node ref="L3" pin="1" pintype="passive"/>
      <node ref="U1" pin="2" pinfunction="SW" pintype="power_in"/>
    </net>
    <net code="6" name="GND">
      <node ref="C1" pin="2" pintype="passive"/>
      <node ref="C10" pin="2" pintype="passive"/>
      <node ref="C11" pin="2" pintype="passive"/>
      <node ref="C12" pin="2" pintype="passive"/>
      <node ref="C16" pin="1" pintype="passive"/>
      <node ref="C17" pin="2" pintype="passive"/>
      <node ref="C18" pin="2" pintype="passive"/>
      <node ref="C19" pin="2" pintype="passive"/>
      <node ref="C2" pin="2" pintype="passive"/>
      <node ref="C20" pin="2" pintype="passive"/>
      <node ref="C21" pin="2" pintype="passive"/>
      <node ref="C3" pin="2" pintype="passive"/>
      <node ref="C4" pin="2" pintype="passive"/>
      <node ref="C5" pin="2" pintype="passive"/>
      <node ref="C6" pin="2" pintype="passive"/>
      <node ref="C7" pin="2" pintype="passive"/>
      <node ref="C8" pin="2" pintype="passive"/>
      <node ref="C9" pin="2" pintype="passive"/>
      <node ref="J2" pin="1" pinfunction="1" pintype="passive"/>
      <node ref="J2" pin="3" pinfunction="3" pintype="passive"/>
      <node ref="J2" pin="4" pinfunction="4" pintype="passive"/>
      <node ref="R1" pin="2" pintype="passive"/>
      <node ref="R2" pin="2" pintype="passive"/>
      <node ref="R4" pin="2" pintype="passive"/>
      <node ref="R6" pin="2" pintype="passive"/>
      <node ref="R8" pin="2" pintype="passive"/>
      <node ref="U1" pin="1" pinfunction="GND" pintype="power_out"/>
      <node ref="U2" pin="13" pinfunction="PGND/DAP" pintype="power_out"/>
      <node ref="U2" pin="5" pinfunction="PG" pintype="unspecified"/>
      <node ref="U2" pin="8" pinfunction="AGND" pintype="power_out"/>
      <node ref="U3" pin="13" pinfunction="PGND/DAP" pintype="power_out"/>
      <node ref="U3" pin="5" pinfunction="PG" pintype="unspecified"/>
      <node ref="U3" pin="8" pinfunction="AGND" pintype="power_out"/>
    </net>
    <net code="7" name="Net-(C14-Pad1)">
      <node ref="C14" pin="1" pintype="passive"/>
      <node ref="L1" pin="1" pintype="passive"/>
      <node ref="U2" pin="1" pinfunction="SW" pintype="unspecified"/>
      <node ref="U2" pin="2" pinfunction="SW" pintype="unspecified"/>
      <node ref="U2" pin="3" pinfunction="SW" pintype="unspecified"/>
    </net>
    <net code="8" name="Net-(C15-Pad1)">
      <node ref="C15" pin="1" pintype="passive"/>
      <node ref="L2" pin="1" pintype="passive"/>
      <node ref="U3" pin="1" pinfunction="SW" pintype="unspecified"/>
      <node ref="U3" pin="2" pinfunction="SW" pintype="unspecified"/>
      <node ref="U3" pin="3" pinfunction="SW" pintype="unspecified"/>
    </net>
    <net code="9" name="Net-(D1-A)">
      <node ref="D1" pin="2" pinfunction="A" pintype="passive"/>
      <node ref="J2" pin="2" pinfunction="2" pintype="passive"/>
    </net>
    <net code="10" name="Net-(U1-CB)">
      <node ref="C13" pin="1" pintype="passive"/>
      <node ref="U1" pin="6" pinfunction="CB" pintype="power_in"/>
    </net>
    <net code="11" name="Net-(U1-FB)">
      <node ref="R3" pin="2" pintype="passive"/>
      <node ref="R4" pin="1" pintype="passive"/>
      <node ref="U1" pin="4" pinfunction="FB" pintype="unspecified"/>
    </net>
    <net code="12" name="Net-(U2-BOOT)">
      <node ref="C14" pin="2" pintype="passive"/>
      <node ref="U2" pin="4" pinfunction="BOOT" pintype="unspecified"/>
    </net>
    <net code="13" name="Net-(U2-ER)">
      <node ref="R1" pin="1" pintype="passive"/>
      <node ref="U2" pin="6" pinfunction="ER" pintype="unspecified"/>
    </net>
    <net code="14" name="Net-(U3-BOOT)">
      <node ref="C15" pin="2" pintype="passive"/>
      <node ref="U3" pin="4" pinfunction="BOOT" pintype="unspecified"/>
    </net>
    <net code="15" name="Net-(U3-ER)">
      <node ref="R2" pin="1" pintype="passive"/>
      <node ref="U3" pin="6" pinfunction="ER" pintype="unspecified"/>
    </net>
    <net code="16" name="V_BATT">
      <node ref="C1" pin="1" pintype="passive"/>
      <node ref="C10" pin="1" pintype="passive"/>
      <node ref="C11" pin="1" pintype="passive"/>
      <node ref="C12" pin="1" pintype="passive"/>
      <node ref="C2" pin="1" pintype="passive"/>
      <node ref="C3" pin="1" pintype="passive"/>
      <node ref="C4" pin="1" pintype="passive"/>
      <node ref="C5" pin="1" pintype="passive"/>
      <node ref="C6" pin="1" pintype="passive"/>
      <node ref="C7" pin="1" pintype="passive"/>
      <node ref="C8" pin="1" pintype="passive"/>
      <node ref="C9" pin="1" pintype="passive"/>
      <node ref="D1" pin="1" pinfunction="K" pintype="passive"/>
      <node ref="U1" pin="3" pinfunction="VIN" pintype="power_in"/>
      <node ref="U1" pin="5" pinfunction="EN" pintype="unspecified"/>
      <node ref="U2" pin="10" pinfunction="VIN" pintype="unspecified"/>
      <node ref="U2" pin="11" pinfunction="VIN" pintype="unspecified"/>
      <node ref="U2" pin="12" pinfunction="VIN" pintype="unspecified"/>
      <node ref="U2" pin="9" pinfunction="EN" pintype="unspecified"/>
      <node ref="U3" pin="10" pinfunction="VIN" pintype="unspecified"/>
      <node ref="U3" pin="11" pinfunction="VIN" pintype="unspecified"/>
      <node ref="U3" pin="12" pinfunction="VIN" pintype="unspecified"/>
      <node ref="U3" pin="9" pinfunction="EN" pintype="unspecified"/>
    </net>
  </nets>
</export>
