"Source:","D:\Dokumenty\Ground_Station\GS_PSU\GS_PSU.kicad_sch"
"Date:","07.10.2023 14:25:54"
"Tool:","Eeschema 7.0.6"
"Generator:","D:\KiCAD\bin\scripting\plugins/bom_csv_grouped_by_value.py"
"Component Count:","37"

"Collated Components:"

"Item","Qty","Reference(s)","Value","LibPart","Footprint","Datasheet","DNP","Height","Manufacturer_Name","Manufacturer_Part_Number","Sim.Device","Sim.Pins"
"1","3","C1, C4, C7","4.7uF","Device:C_Small","","~","","","","","",""
"2","3","C2, C5, C9","10uF","Device:C_Small","","~","","","","","",""
"3","3","C3, C6, C8","1uF","Device:C_Small","","~","","","","","",""
"4","6","C10, C11, C12, C13, C14, C15","100nF","Device:C_Small","","~","","","","","",""
"5","4","C16, C18, C20, C21","47uF","Device:C_Small","","~","","","","","",""
"6","2","C17, C19","100uF","Device:C_Small","","~","","","","","",""
"7","1","D1","D_Small","Device:D_Small","","~","","","","","D","1=K 2=A"
"8","1","J2","XT60PW-M","XT60PW-M:XT60PW-M","XT60PWM","https://www.tme.eu/Document/9b8d0c5eb7094295f3d3112c214d3ade/XT60PW%20SPEC.pdf","","8.4","Changzou Amass Elec","XT60PW-M","",""
"9","1","L1","4.7uH","Device:L_Small","","~","","","","","",""
"10","1","L2","6.8uH","Device:L_Small","","~","","","","","",""
"11","1","L3","22uH","Device:L_Small","","~","","","","","",""
"12","3","R1, R2, R6","32k","Device:R_Small","","~","","","","","",""
"13","1","R3","422k","Device:R_Small","","~","","","","","",""
"14","1","R4","22.1k","Device:R_Small","","~","","","","","",""
"15","2","R5, R7","100k","Device:R_Small","","~","","","","","",""
"16","1","R8","19.1k","Device:R_Small","","~","","","","","",""
"17","1","U1","PLMR51420XDDCT","LMR51420XDDCR:PLMR51420XDDCT","LMR51420XDDCR:SOT-23-THIN-6_DDC_TEX","PLMR51420XDDCT","","","","","",""
"18","2","U2, U3","LMR51450SNDRRR","LMR51450FNDRRR:LMR51450FNDRRR","LMR51450FNDRRR:WSON_SDRRR_TEX","LMR51450FNDRRR","","","","","",""
